U-001-001	T05	T15	work less earn more
U-001-002	T05	-	4-hour workday
U-001-003	T16	T15	digital nomad lifestyle
U-001-004	T06	T16	highlight reel dopamine
U-001-005	T14	T01	value creator
U-001-006	T16	T12	self-reliance
U-001-007	T12	T02	limiting beliefs starting
U-001-008	T02	T15	build a solution
U-001-009	T11	T14	generalist vs specialist
U-001-010	T11	-	generalist vs specialist
U-001-011	T09	T08	writing as effective thinking
U-001-012	T12	-	one-person business
U-001-013	T12	T05	lifestyle design
U-001-014	T11	T12	desaturated market
U-001-015	T12	T16	business as life's work
U-001-016	T12	T02	impostor syndrome
U-001-017	T12	-	paths to start
U-001-018	T12	T13	eternal markets
U-001-019	T10	T12	position yourself leader
U-001-020	T12	-	practice on own business
U-001-021	T12	-	four pillars
U-001-022	T12	T10	brand message mission
U-001-023	T11	T12	domain of mastery
U-001-024	T12	-	gatekeeper mindset
U-001-025	T12	T09	first product will be bad
U-001-026	T12	T13	minimum viable offer
U-001-027	T11	-	8 billion monopolies
U-001-028	T04	T03	the gap
U-001-029	T16	T03	nature as a creator
U-001-030	T17	-	author credentials
U-001-031	T07	T01	direct experience
U-001-032	T12	T14	human progression pattern
U-001-033	T12	T10	start posting content
U-001-034	T10	T13	unique mechanism
U-001-035	T12	T10	brand content monetization
U-001-036	T10	T03	brand is your vision
U-001-037	T09	T02	dont reinvent the wheel
U-001-038	T12	T08	entrepreneurial method
U-001-039	T16	T02	shallow problems inner core
U-001-040	T10	T09	post free content first
U-001-041	T17	-	author biography origin
U-001-042	T03	T16	start now
U-001-043	T16	T01	raising consciousness
U-001-044	T13	-	aggregation speed convenience
U-001-045	T02	T16	ego trap
U-001-046	T14	T01	public resume
U-001-047	T14	T15	new rat race freelancing
U-001-048	T13	T12	sell to creators
U-001-049	T14	T12	skill stacks
U-001-050	T14	T12	value creator
U-001-051	T07	T11	curiosity
U-001-052	T17	T07	influences books thinkers
U-001-053	T07	T14	consumer to researcher
U-001-054	T14	T11	value creator
U-001-055	T08	T14	synthesizers
U-001-056	T08	T11	perspective vessel
U-001-057	T08	-	deconstruct wholes into parts
U-001-058	T11	T07	researching an obsession
U-001-059	T07	T08	researching an obsession
U-001-060	T09	T07	golden nugget ideas
U-001-061	T09	T07	youtube topic process
U-001-062	T14	T08	simplifying complex topics
U-001-063	T07	-	knowledge outpace execution
U-001-064	T08	T07	default mode network
U-001-065	T12	T10	public market internal external game
U-001-066	T10	T09	packaging knowledge
U-001-067	T13	T09	beginner level content
U-001-068	T09	T07	consumer vs creator mindset
U-001-069	T13	T09	capture attention
U-001-070	T13	T09	copywriting frameworks
U-001-071	T09	T11	ideal reader yourself
U-001-072	T11	T08	solitude free thinking
U-001-073	T10	T09	newsletter depth clarity
U-001-074	T09	T07	newsletter process golden nuggets
U-001-075	T16	T01	love is connection
U-001-076	T03	T02	achieving the vision
U-001-077	T07	T06	double down
U-001-078	T17	T03	meaningful side project
U-001-079	T03	-	flow
U-001-080	T03	T16	performance over vanity
U-001-081	T01	T02	conscious mind
U-001-082	T09	T14	code or media leverage
U-001-083	T15	T06	internet leverage vs distraction
U-001-084	T17	T13	early freelancing failure
U-001-085	T17	T09	writing income
U-001-086	T09	-	digital writing voice
U-001-087	T09	T12	one-person writing business
U-001-088	T09	T11	topic you cant shut up about
U-001-089	T09	T11	unique perspective
U-001-090	T09	-	post structure problem context steps
U-001-091	T09	T05	2-hour content ecosystem
U-001-092	T09	-	repurposing
U-001-093	T10	-	growing on a platform
U-001-094	T09	-	ppp framework
U-001-095	T09	T07	imitate then innovate
U-001-096	T09	T12	own writing system
U-001-097	T10	T09	branch out platforms
U-001-098	T14	T04	information age
U-001-099	T04	T16	everything is information
U-001-100	T04	T09	entropy content consciousness
U-001-101	T07	T14	distracted vs curious
U-001-102	T01	T14	formal education vs creator economy
U-001-103	T13	T12	$100,000 in your head
U-001-104	T17	T13	author backstory info products
U-001-105	T13	T12	build product immediately
U-001-106	T07	T09	10,000 iterations
U-001-107	T12	T13	brand product marketing
U-001-108	T17	T13	author products origin
U-001-109	T11	T13	you are the niche
U-001-110	T13	T11	productizing yourself
U-001-111	T13	-	product idea brainstorm
U-001-112	T13	T11	productizing yourself
U-001-113	T13	T10	build in public
U-001-114	T13	-	info product steps
U-001-115	T03	T07	flow
U-001-116	T07	T13	skill problem
U-001-117	T07	T13	learn by building
U-001-118	T07	T09	public note-taking
U-001-119	T08	T13	holistic understanding
U-001-120	T08	T09	idea junkies
U-001-121	T13	T07	sops curriculum
U-001-122	T07	T17	value notes
U-001-123	T13	-	sell what's already selling
U-001-124	T17	T13	first product ebook
U-001-125	T13	T10	distribution promotions
U-001-126	T12	T10	one-person business roadmap
U-001-127	T13	T10	levels of awareness
U-001-128	T10	T15	digital leverage
U-001-129	T12	T13	eternal markets
U-001-130	T11	-	personal monopoly
U-001-131	T13	T09	story is your brand
U-001-132	T16	T02	self-actualize and transcend
U-001-133	T10	T15	distribution equals freedom
U-001-134	T10	-	built borrowed bought
U-001-135	T11	T10	mental monopoly
U-001-136	T17	T10	distribution network pillars
U-001-137	T13	T15	productize before traffic
U-001-138	T15	T13	help more people leverage
U-001-139	T09	T10	idea warfare
U-001-140	T09	T07	swipe high-performing ideas
U-001-141	T12	-	creator developmental stages
U-001-142	T12	T09	stage one high-performing content
U-001-143	T09	T12	content templates
U-001-144	T10	T09	short-form growth validation
U-001-145	T12	T10	stage one trap
U-001-146	T12	T17	follower income benchmarks
U-001-147	T13	T12	direct response marketing
U-001-148	T12	T13	high-ticket offer
U-001-149	T09	T13	long-form depth authority
U-001-150	T12	T15	stage two trap
U-001-151	T12	T02	stage three high leverage
U-001-152	T12	T13	stage three productize
U-001-153	T10	T09	diversify across platforms
U-001-154	T08	T12	synthesizer commodity
U-001-155	T09	T08	name your own concepts
U-001-156	T17	T12	one person business redefined
U-001-157	T08	T07	principles over methods
U-001-158	T02	T16	self-actualize self-monetize self-transcend
U-002-001	T09	T10	long-form for perspective
U-002-002	T10	T09	documenting your journey
U-002-003	T16	T06	fitness gateway drug
U-002-004	T10	T17	how dan and dickie met
U-002-005	T11	T10	niche then reveal interests
U-002-006	T11	T02	obsession is a feature
U-002-007	T11	T10	off-niche ideas
U-002-008	T10	T09	internet great attractor
U-002-009	T10	T13	broad idea-sharing vs avatar
U-002-010	T17	T02	becoming dogmatic
U-002-011	T02	T07	conscious experiment
U-002-012	T10	T07	public experimentation
U-002-013	T08	T01	non-dogmatic advice
U-002-014	T02	-	keep your identity small
U-002-015	T02	-	conceptual survival
U-002-016	T02	T06	identity container
U-002-017	T02	T06	identity lists
U-002-018	T15	T02	abundant financial mindset
U-002-019	T15	T17	money history
U-002-020	T15	T12	control over income
U-002-021	T17	T10	authentic creators
U-002-022	T13	T12	$100,000 in your head
U-002-023	T13	T07	create before experience
U-002-024	T11	T07	niche down
U-002-025	T10	T17	first internet dollars
U-002-026	T15	T16	first dollar online
U-002-027	T07	T03	start then learn
U-002-028	T07	T12	persistence and iteration
U-002-029	T07	-	just-in-time learning
U-002-030	T07	T05	shitty rod
U-002-031	T03	T02	future self lens
U-002-032	T07	T03	forcing function projects
U-002-033	T17	T12	building software
U-002-034	T16	T02	peace and progress
U-002-035	T16	T08	balance through polarity
U-002-036	T16	-	moderation in moderation
U-002-037	T03	T16	life as chapters
U-002-038	T17	T05	dan's season
U-002-039	T06	T03	art of focus lens
U-002-040	T09	T17	why write the book
U-002-041	T07	T17	note-taking for synthesis
U-002-042	T10	T16	ideas compound like stock
U-002-043	T02	T01	conceptual survival
U-002-044	T14	T02	mental plane survival
U-002-045	T12	T16	forcing function
U-002-046	T11	T14	desaturated market
U-002-047	T14	T01	accelerant of polarity
U-002-048	T01	T15	golden handcuffs
U-002-049	T11	T10	public school lens
U-002-050	T11	T13	you are the niche
U-002-051	T02	-	dominator vs actualization hierarchies
U-002-052	T09	T07	two-year test
U-002-053	T14	T10	creator vs influencer economy
U-002-054	T09	-	pithy big picture content
U-002-055	T08	T11	perspective vessel
U-002-056	T12	T10	the shipyard
U-002-057	T10	-	internet ladder rungs
U-002-058	T17	T15	gym equipment decision
U-002-059	T15	T08	new lens through money
U-002-060	T15	T10	equity vs dividends
U-002-061	T15	T02	indicators of growth
U-002-062	T15	T07	ignorance tax
U-002-063	T02	T15	tactical stress
U-002-064	T15	T07	ideal scene
U-002-065	T15	-	entrepreneurial barbell
U-002-066	T15	T16	financial confidence
U-002-067	T05	T16	work and rest polarity
U-002-068	T16	T03	ideal lifestyle now
U-002-069	T16	T15	build foundations early
U-002-070	T05	T03	12-week blocks
U-002-071	T16	T05	peace and progress
U-002-072	T16	T15	lifestyle costs
U-002-073	T06	T05	love the monotonous
U-002-074	T06	T16	moderation vs abstinence
U-002-075	T06	T16	moderation vs abstinence
U-002-076	T17	T03	book launch passion project
U-002-077	T05	T15	creation vs delegation season
U-002-078	T07	T16	mental bulking and cutting
U-002-079	T07	T03	passion for process
U-002-080	T08	T02	synthesis
U-002-081	T05	-	ask for routines from your stage
U-002-082	T05	T17	dan's daily routine
U-002-083	T05	-	inconvenient truth
U-002-084	T05	T07	dickie's routine
U-002-085	T16	T06	diet basics
U-002-086	T05	T16	normie nights
U-002-087	T16	T06	destructive self-improvement game
U-002-088	T01	T02	conscious decision-makers
U-002-089	T16	T03	lifestyle legos
U-002-090	T05	T03	not never but not now
U-002-091	T07	T09	awareness until execution
U-002-092	T17	T09	writing income
U-002-093	T09	T14	master media or code
U-002-094	T09	T11	topic you cant shut up about
U-002-095	T09	-	writing as energy transfer
U-002-096	T09	T11	unique perspective
U-002-097	T09	T08	reminded with something new
U-002-098	T09	-	post structure problem context steps
U-002-099	T09	T13	newsletter over funnels
U-002-100	T09	T05	content ecosystem
U-002-101	T13	T09	promote in long-form
U-002-102	T09	T10	repurpose actionable part
U-002-103	T10	-	non-needy networking
U-002-104	T09	-	list tweets
U-002-105	T09	T13	own writing system
U-002-106	T10	T09	branch out platforms
U-002-107	T12	T17	3-5 year timeline
U-002-108	T09	T12	writing is the foundation
U-002-109	T17	T03	author creative origins
U-002-110	T16	T01	high highs and low lows
U-002-111	T14	T11	skill stacks
U-002-112	T15	T12	job as launchpad
U-002-113	T12	T17	one-person business departments
U-002-114	T03	T02	think bigger
U-002-115	T17	T10	manual client acquisition
U-002-116	T16	T02	realizations need experience
U-002-117	T10	T05	social media unlimited clients
U-002-118	T07	T09	read like a researcher
U-002-119	T17	T10	follower growth
U-002-120	T09	T12	content creator way of life
U-002-121	T12	T09	writing as traffic mechanism
U-002-122	T12	T15	income per follower
U-002-123	T15	T12	control product and traffic
U-002-124	T13	T12	short-term money games
U-002-125	T12	T09	four levers monetizing writing
U-002-126	T10	T09	start on x
U-002-127	T13	T12	offer vs adsense
U-002-128	T12	T13	freelance to product path
U-002-129	T13	-	sell what's already selling
U-002-130	T12	T15	leverage and scalability
U-002-131	T13	T12	beginner-level product
U-002-132	T17	T13	product evolution
U-002-133	T13	T10	promotions
U-002-134	T13	T09	pas framework
U-002-135	T13	T05	daily promotion schedule
U-002-136	T15	T02	income limited by perspective
U-003-001	T03	T01	anti-vision
U-003-002	T03	-	anti-vision
U-003-003	T03	T04	anti-vision
U-003-004	T03	T06	anti-vision
U-003-005	T03	T16	negative energy
U-003-006	T03	-	anti-vision and vision exercise
U-003-007	T04	-	entropy
U-003-008	T06	T03	disappear
U-003-009	T03	-	metaphorical language
U-003-010	T03	T04	disappear
U-003-011	T05	T07	boring fundamentals
U-003-012	T07	T03	mastery over misery
U-003-013	T03	T07	trial and error
U-003-014	T03	T02	origin story sequence
U-003-015	T03	T16	flow
U-003-016	T03	T02	self-consciousness
U-003-017	T03	T01	life as a game
U-003-018	T03	T04	game properties
U-003-019	T03	-	create your own game
U-003-020	T01	T03	create or be created
U-003-021	T01	T16	sovereign living
U-003-022	T03	-	macro game of life
U-003-023	T01	-	the system is rigged
U-003-024	T01	T07	curse of knowledge
U-003-025	T01	T14	patch the game
U-003-026	T01	-	npc
U-003-027	T03	T01	infinite paths
U-003-028	T11	T03	brand is your goal in life
U-003-029	T03	T12	infinite mountains
U-003-030	T02	T16	level up
U-003-031	T03	T04	hierarchy of goals
U-003-032	T03	T05	hierarchy of goals on paper
U-003-033	T03	T02	written vision anchor
U-003-034	T03	T04	frame of the game
U-003-035	T03	T06	rules and here-and-now
U-003-036	T03	-	flow neurochemistry
U-003-037	T03	T06	rules as values
U-003-038	T03	T16	create your own game
U-003-039	T03	-	game mechanics
U-003-040	T03	T04	feedback
U-003-041	T03	T06	game mechanics
U-003-042	T03	-	flow model
U-003-043	T07	T03	tutorial hell
U-003-044	T03	-	reframe the challenge
U-003-045	T03	-	flow model
U-003-046	T03	T02	flow model
U-003-047	T17	T03	world of warcraft character
U-003-048	T02	T03	create your character
U-003-049	T03	T07	create your character
U-003-050	T02	T08	self-reflection
U-003-051	T03	T02	life as a game recap
U-003-052	T05	T17	4-hour workday
U-003-053	T05	T08	4-hour workday
U-003-054	T12	T13	service-based business sequence
U-003-055	T12	T15	new 9-to-5
U-003-056	T05	T17	4-hour workday
U-003-057	T05	T12	raise the baseline
U-003-058	T05	T12	bulking and cutting business
U-003-059	T05	-	4-hour workday
U-003-060	T02	T05	conceptual survival
U-003-061	T05	T08	focus matrix
U-003-062	T05	T04	focus matrix
U-003-063	T04	T01	systems and evolution
U-003-064	T04	T05	entropy
U-003-065	T04	T05	system definition
U-003-066	T04	T08	systems thinking
U-003-067	T04	T05	order consciousness
U-003-068	T05	T02	4-hour philosophy commandments
U-003-069	T05	-	4-hour workday
U-003-070	T05	T06	layering systems
U-003-071	T05	-	pseudo-deadline
U-003-072	T03	T05	minimum viable vision
U-003-073	T01	T03	meta system called society
U-003-074	T05	-	priority tasks
U-003-075	T05	T09	priority tasks
U-003-076	T05	T10	priority tasks
U-003-077	T05	T13	priority tasks
U-003-078	T05	T03	clarity over motivation
U-003-079	T05	-	time blocks
U-003-080	T05	-	manipulate deadlines
U-003-081	T05	T13	public deadlines
U-003-082	T06	T05	manipulate your environment
U-003-083	T05	T06	wake up before distractions
U-003-084	T05	T06	prioritize rest
U-003-085	T05	-	dead stop
U-003-086	T05	T08	process efficiency
U-003-087	T05	T10	leverage digital tools
U-003-088	T05	-	first productivity system
U-003-089	T05	T07	direct experience
U-003-090	T05	T04	hard reset
U-003-091	T05	-	hard reset
U-003-092	T05	T04	hard reset
U-003-093	T05	-	hard reset
U-003-094	T05	T04	hard reset
U-003-095	T05	T06	hard reset
U-003-096	T06	T02	daily system and identity
U-003-097	T03	T05	ideal future into the now
U-003-098	T05	T03	ideal future into the now
U-003-099	T17	T03	self-corrective compass
U-003-100	T06	T09	stacking whys
U-003-101	T03	T02	cultivate passion
U-003-102	T02	-	conceptual survival
U-003-103	T03	T02	lens of future self
U-003-104	T01	T02	assigned identity
U-003-105	T05	-	holistic daily routine
U-003-106	T05	-	no time excuse
U-003-107	T06	T01	monkey in a cubicle
U-003-108	T05	T03	fill empty use
U-003-109	T05	-	deep work
U-003-110	T05	T12	deep work
U-003-111	T05	-	priority ladder
U-003-112	T05	-	priority ladder
U-003-113	T05	T07	perception threshold
U-003-114	T05	T06	priority ladder
U-003-115	T05	-	priority ladder
U-003-116	T05	T04	priority ladder
U-003-117	T05	T16	priority ladder
U-003-118	T02	T16	ken wilber
U-003-119	T02	T01	medium and the message
U-003-120	T02	T08	holon
U-003-121	T08	T02	holon
U-003-122	T08	-	holon contemplation
U-003-123	T11	T08	holon
U-003-124	T02	-	transcend and include
U-003-125	T02	T01	dominator vs actualization hierarchies
U-003-126	T01	T15	pyramid scheme
U-003-127	T01	T02	attention as power
U-003-128	T01	T03	modern enslavement
U-003-129	T01	T03	collective societal vision
U-003-130	T01	-	modern enslavement
U-003-131	T03	-	focus formula
U-003-132	T03	T16	purpose
U-003-133	T03	T16	north star purpose
U-003-134	T17	T03	lesser purpose
U-003-135	T16	T03	purpose
U-003-136	T16	T03	chapters of life
U-003-137	T03	T16	mistakes reveal purpose
U-003-138	T08	T03	attention anchors questions
U-003-139	T03	T05	focus formula
U-003-140	T12	T03	process by stage
U-003-141	T03	T05	performance vs vanity
U-003-142	T02	T16	manifestation of past choices
U-003-143	T03	T08	highest version of yourself
U-003-144	T08	T16	zoom out
U-003-145	T03	-	focus formula
U-003-146	T03	T06	purpose filter
U-003-147	T16	T15	your 20s
U-003-148	T16	T01	three traps of being young
U-003-149	T16	T06	build your body
U-003-150	T16	T02	peace and progress
U-003-151	T02	T16	level of mind
U-003-152	T03	T16	use mind to progress
U-003-153	T12	T15	entrepreneurship is for everyone
U-003-154	T16	T12	five intrinsic drivers
U-003-155	T12	T11	one-person business
U-003-156	T12	T07	replicable process
U-003-157	T15	T03	building your own dreams
U-003-158	T03	T05	ideal future into the now
U-003-159	T05	-	deep work
U-003-160	T17	T03	self-corrective compass
U-003-161	T06	T09	stacking whys
U-003-162	T03	T02	cultivate passion
U-003-163	T02	-	conceptual survival
U-003-164	T03	T02	lens of future self
U-003-165	T01	T02	assigned identity
U-003-166	T05	-	holistic daily routine
U-003-167	T05	-	no time excuse
U-003-168	T06	T01	monkey in a cubicle
U-003-169	T05	T03	fill empty use
U-003-170	T05	-	deep work
U-003-171	T05	T12	deep work
U-003-172	T05	-	priority ladder
U-003-173	T05	-	priority ladder
U-003-174	T05	T07	perception threshold
U-003-175	T05	T06	priority ladder
U-003-176	T05	-	priority ladder
U-003-177	T05	T04	priority ladder
U-003-178	T05	-	time blocks
U-003-179	T05	T03	one hour one project
U-003-180	T05	T03	clarity over motivation
U-003-181	T06	T04	mind as supercomputer
U-003-182	T06	T04	50 bits per second
U-003-183	T06	T01	split attention
U-003-184	T05	T04	deep work when entropy low
U-003-185	T05	T04	core principles over systems
U-003-186	T04	T16	entropy
U-003-187	T04	-	entropy
U-003-188	T04	-	entropy library
U-003-189	T04	-	entropy uncleaned room
U-003-190	T06	T04	distraction snowball
U-003-191	T03	T06	boredom and anxiety signals
U-003-192	T03	T02	blemish cascade
U-003-193	T03	T04	clarity cures chaos
U-003-194	T17	T03	life reset map
U-003-195	T04	T03	order in consciousness
U-003-196	T03	T06	video game addiction
U-003-197	T05	-	most important tasks
U-003-198	T05	-	most important tasks
U-003-199	T05	T03	quantify tasks
U-003-200	T05	-	narrowing focus
U-003-201	T05	-	challenging deadline
U-003-202	T05	-	challenging time blocks
U-003-203	T05	-	challenging time blocks
U-003-204	T05	T06	zeigarnik effect
U-003-205	T05	T17	breakfast deadline
U-003-206	T05	T01	hustle culture
U-003-207	T05	-	low to high entropy routine
U-003-208	T05	-	mental metabolism
U-003-209	T08	T05	quality of ideas before work
U-003-210	T05	T16	leisure maxing
U-003-211	T05	T08	deep work needs ideas
U-003-212	T14	T05	future of work least work wins
U-003-213	T07	T05	deep work accelerator prompt
U-003-214	T05	T03	one hour one project
U-003-215	T05	T15	work like a millionaire
U-003-216	T05	-	focus force multiplier
U-003-217	T05	T15	5-hour entrepreneur
U-003-218	T05	T17	4-hour workday
U-003-219	T05	T15	start with the time you have
U-003-220	T05	T01	4-hour workday
U-003-221	T05	T01	hustle culture
U-003-222	T05	T12	building vs maintenance
U-003-223	T05	T12	building vs maintenance
U-003-224	T05	T12	koe's law
U-003-225	T05	T07	focus compounds
U-003-226	T02	T17	buzz cut identification
U-003-227	T06	T04	mind as supercomputer
U-003-228	T17	T06	the art of focus
U-003-229	T06	T04	split attention
U-003-230	T03	T04	singular focus funnel
U-003-231	T04	-	entropy
U-003-232	T04	T03	entropy drives evolution
U-003-233	T03	T02	problem as limit
U-003-234	T04	-	psychic entropy
U-003-235	T06	T05	distractions are problems
U-003-236	T03	-	flow
U-003-237	T02	T04	ideas replicate
U-003-238	T03	T04	boredom and anxiety signals
U-003-239	T03	T01	indistractable frame
U-003-240	T07	T03	curiosity intensity consistency
U-003-241	T16	T03	universe as one song
U-003-242	T03	T07	quests and leveling up
U-003-243	T03	T02	identity solving productive problems
U-003-244	T03	T16	axis of suffering
U-003-245	T03	T08	perspective defines problems
U-003-246	T03	T15	choose a vessel
U-003-247	T03	T05	project anchors attention
U-003-248	T07	T03	teaching as you build
U-003-249	T05	T03	project outline and milestones
U-003-250	T12	T03	minimum viable everything
U-003-251	T03	T12	project as vessel
U-003-252	T05	T13	procrastinator's edge
U-003-253	T05	T16	procrastination
U-003-254	T05	T06	time blocks and active rest
U-003-255	T14	T05	leverage career
U-003-256	T14	T04	evolution reverses entropy
U-003-257	T05	T03	lever-moving tasks
U-003-258	T06	T02	routine
U-003-259	T05	-	rest
U-003-260	T05	-	rest
U-003-261	T05	T06	hard transition
U-004-001	T10	T14	permissionless creator
U-004-002	T09	T11	write for younger self
U-004-003	T10	T09	success pipeline
U-004-004	T10	T09	post every day
U-004-005	T13	T10	audience tells you what to sell
U-004-006	T17	T13	first $10k resume template
U-004-007	T09	T16	notice the interesting things
U-004-008	T09	T13	abstract posts dont sell
U-004-009	T09	T10	compete in the feed
U-004-010	T09	T13	be tangible and concrete
U-004-011	T09	T13	make tangibility tangible
U-004-012	T09	-	post structures hook story
U-004-013	T09	-	concise stories practice
U-004-014	T09	-	story tension and conflict
U-004-015	T09	T13	pain points
U-004-016	T09	T10	write to your younger self
U-004-017	T09	T10	give give give
U-004-018	T10	T14	interest graph
U-004-019	T10	-	find your group
U-004-020	T10	T17	tribe replies early twitter
U-004-021	T10	T02	mindset and awareness gap
U-004-022	T10	-	not every follower equal
U-004-023	T10	-	early sign of traction
U-004-024	T10	T09	building a world
U-004-025	T11	-	you are the niche
U-004-026	T11	T10	in wedge hyper-specific
U-004-027	T11	T17	focus area plus noise
U-004-028	T11	T16	choose playful niche
U-004-029	T11	T10	people follow people
U-004-030	T11	T09	your story is the glue
U-004-031	T11	T12	value proposition
U-004-032	T12	T13	coaching to product
U-004-033	T13	T12	product skus
U-004-034	T13	T17	first offer process
U-004-035	T13	-	sell before building course
U-004-036	T13	T17	landing page first launch
U-004-037	T13	T10	involve followers early
U-004-038	T10	T15	distribution is leverage
U-004-039	T18	T14	billion-dollar company 10 engineers
U-004-040	T18	-	customer first
U-004-041	T18	-	death by complexity
U-004-042	T18	-	customer needs vs wants
U-004-043	T18	-	unscalable time with customers
U-004-044	T18	-	use your own product
U-004-045	T18	-	core job to be done
U-004-046	T17	T18	one person business by constraint
U-004-047	T18	T12	when to hire
U-004-048	T18	T05	hire around jobs to be done
U-004-049	T18	-	hiring visualization
U-004-050	T17	T18	dan onboarding to stan
U-004-051	T18	-	headcount and growth
U-004-052	T18	-	organization design bottlenecks
U-004-053	T18	T13	human support promise
U-004-054	T18	T14	ai support
U-004-055	T14	T09	ai and content joy
U-004-056	T18	-	finding 10x people
U-004-057	T18	-	10x person
U-004-058	T18	-	10x person
U-004-059	T18	T11	t-shaped people
U-004-060	T18	-	referral flywheel
U-004-061	T18	T12	value prop to recruit
U-004-062	T05	T01	creative routines spectrum
U-004-063	T05	T09	creative process
U-004-064	T05	T15	work like a lion
U-004-065	T05	T16	definition of work
U-004-066	T18	-	trust people to make mistakes
U-004-067	T05	T17	4-hour workday
U-004-068	T05	T17	2 hour writer lifestyle
U-004-069	T18	-	outcomes over hours
U-004-070	T18	-	culture is actions
U-004-071	T18	-	what scale means
U-004-072	T18	-	network complexity nodes
U-004-073	T18	T12	curse of the individual contributor
U-004-074	T18	-	alignment
U-004-075	T18	-	alignment
U-004-076	T18	-	meta time
U-004-077	T18	-	alignment
U-004-078	T18	-	all hands pop quiz
U-004-079	T18	-	build in person
U-004-080	T18	-	product-market fit
U-004-081	T18	-	product-market fit
U-004-082	T18	T10	distribution through vlogging
U-004-083	T18	T02	know who you are
U-004-084	T18	-	build an organization
U-004-085	T18	T10	founder-market fit
U-004-086	T16	T18	persistence
U-004-087	T17	T10	failed business models
U-004-088	T17	T01	author biography college job
U-004-089	T17	T15	glorified 9-to-5
U-004-090	T17	T10	author biography twitter start
U-004-091	T17	T10	early twitter growth curve
U-004-092	T07	T17	skill acquisition pattern recognition
U-004-093	T10	T07	beginner hell
U-004-094	T14	T07	superpowers ai
U-004-095	T10	-	social media mechanics
U-004-096	T10	T06	shiny object syndrome
U-004-097	T10	-	two levers of audience growth
U-004-098	T09	T10	validated content
U-004-099	T10	-	recommendation mechanism
U-004-100	T07	T17	study same topic from many creators
U-004-101	T10	T09	validated content
U-004-102	T09	T08	steal like an artist
U-004-103	T09	-	dissecting a post
U-004-104	T09	T07	ai to iterate posts
U-004-105	T03	T09	validated content
U-004-106	T09	T10	topics reset and cycle
U-004-107	T09	T11	proven topic own interests
U-004-108	T09	T07	research what works
U-004-109	T09	T07	content research system
U-004-110	T09	T17	outlier content research
U-004-111	T09	T07	validated content
U-004-112	T10	T14	social media as business
U-004-113	T10	-	high skill cap
U-004-114	T10	-	other people's audiences
U-004-115	T10	-	paid growth
U-004-116	T10	-	making friends
U-004-117	T10	T05	time-block growth habits
U-004-118	T10	T13	audience like product launch
U-004-119	T10	-	value exchange friends
U-004-120	T10	-	non-needy networking
U-004-121	T10	-	non-needy networking
U-004-122	T17	T10	serendipity from being social
U-004-123	T10	-	dming advantage
U-004-124	T10	-	non-needy networking
U-004-125	T10	-	non-needy networking
U-004-126	T10	-	non-needy networking
U-004-127	T10	-	non-needy networking
U-004-128	T10	-	non-needy networking
U-004-129	T10	-	non-needy networking
U-004-130	T10	-	non-needy networking
U-004-131	T10	T08	learn from someone who did it
U-004-132	T17	T10	early social media attempts
U-004-133	T17	T06	shiny object syndrome
U-004-134	T10	-	get eyes on your content
U-004-135	T10	T09	writing and people
U-004-136	T10	T13	three things for success
U-004-137	T10	T17	curation accounts
U-004-138	T17	T10	early follower growth
U-004-139	T10	-	first followers hardest
U-004-140	T17	T12	burnout at 2,500 followers
U-004-141	T12	T13	low hanging fruit monetization
U-004-142	T09	-	digital writer
U-004-143	T10	T09	three ways creators fail
U-004-144	T10	T09	four steps to grow
U-004-145	T09	T13	persuasive content
U-004-146	T09	T13	six elements persuasive content
U-004-147	T09	T10	iterate with data
U-004-148	T10	T09	long form depth
U-004-149	T10	-	traffic mechanisms
U-004-150	T10	-	traffic mechanism replies
U-004-151	T10	-	traffic mechanism replies
U-004-152	T10	-	traffic mechanism quote posts
U-004-153	T13	T10	transfer your consciousness
U-004-154	T10	T09	traffic mechanism reposts
U-004-155	T10	-	traffic mechanism manual dms
U-004-156	T10	T13	dm diminishing returns
U-004-157	T10	T09	short form to long form
U-004-158	T10	T09	remixing
U-004-159	T10	T09	remixing
U-004-160	T10	-	paid growth
U-004-161	T10	-	paid growth
U-004-162	T10	-	paid growth
U-004-163	T10	-	mastermind
U-004-164	T10	T02	disidentify from introversion
U-004-165	T10	T16	expectations of timeline
U-004-166	T10	-	social media game
U-005-001	T16	T12	business as your vessel
U-005-002	T17	T10	guest justin welsh background
U-005-003	T16	T02	life philosophy in one sentence
U-005-004	T16	T15	burnout is loss of control
U-005-005	T16	T17	panic attack reset
U-005-006	T06	T16	sense of control alcohol
U-005-007	T06	T16	90 days alcohol-free
U-005-008	T16	T05	walking for clarity
U-005-009	T16	T05	binary person
U-005-010	T05	T16	phone-less walks
U-005-011	T08	T16	solve someone else's problem first
U-005-012	T05	T16	quasi work quasi play
U-005-013	T05	T12	daily and weekly schedule
U-005-014	T05	T12	energy audit
U-005-015	T05	T06	morning problem
U-005-016	T05	-	match tasks to energy
U-005-017	T05	T15	optimize schedule self-employment
U-005-018	T10	-	starting on linkedin
U-005-019	T10	T09	post every day
U-005-020	T10	T09	use platform differently
U-005-021	T09	T10	double down on what works
U-005-022	T13	T07	student of getting attention
U-005-023	T09	T06	attention addiction cycle
U-005-024	T10	-	get under large accounts
U-005-025	T09	-	post writing framework
U-005-026	T09	-	three-line hook
U-005-027	T09	-	content matrix
U-005-028	T09	T05	batch production pipeline
U-005-029	T10	-	suction system
U-005-030	T10	T13	organic over paid ads
U-005-031	T13	-	impulse buy pricing
U-005-032	T13	-	trust tripwires
U-005-033	T12	T10	walking business
U-005-034	T12	T02	entrepreneur identity
U-005-035	T12	T10	one-person business authenticity
U-005-036	T13	T09	curtain language
U-005-037	T13	-	promotion sequence
U-005-038	T13	-	testimonial flywheel
U-005-039	T13	-	aggregation over secrets
U-005-040	T12	T13	paid private community
